Time,Position,Velocity
0.0,1.0,0.0
0.1,0.995,-1.1
0.2,0.770025,-2.1395
0.30000000000000004,0.338274875,-2.8795525
0.4,-0.23932699937500002,-3.1076772375
0.5,-0.859665811878125,-2.6890336763125
0.6,-1.3931742180812345,-1.6089495994309375
0.7,-1.707998266877016,0.003989520429967364
0.7999999999999999,-1.6986603714566373,1.8825881379731864
0.8999999999999999,-1.3136494420047167,3.656985139676828
0.9999999999999999,-0.5756841668593274,4.919150268898175
1.0999999999999999,0.4110243077546042,5.306445338998526
1.2,1.4702582540155364,4.588996333518535
1.3,2.380706229449166,2.7422624374255187
1.4000000000000001,2.917255185787024,-0.013627536839839749
1.5000000000000002,2.8999434024901207,-3.221926864363574
1.6000000000000003,2.2410583126049555,-6.250768263884527
1.7000000000000004,0.9796993682650252,-8.403393994555753
1.8000000000000005,-0.7058779274874505,-9.060893599919492
1.9000000000000006,-2.5145272578339117,-7.831383199687322
2.0000000000000004,-4.068231261482207,-4.673834056085653
2.1000000000000005,-4.982656916391927,0.034912034349058096
2.2000000000000006,-4.950761224940156,5.514089040662725
2.3000000000000007,-3.82318961068291,10.68422193606376
2.400000000000001,-1.6672292754167437,14.355519411011773
2.500000000000001,1.2122107531626949,15.471695643419602
2.600000000000001,4.300488828080802,13.364679032769658
2.700000000000001,6.951922190494329,7.965907370242293
2.800000000000001,8.510344053590316,-0.07950240781358353
2.9000000000000012,8.451891851759648,-9.436905746372252
3.0000000000000013,6.522251243226399,-18.26214149598925
3.1000000000000014,2.837211687812416,-24.52351078873883
3.2000000000000015,-2.0816765283744125,-26.418268105895546
3.3000000000000016,-7.35492176691165,-22.807510519388913
3.4000000000000017,-11.879649261954874,-13.576721049816655
3.5000000000000018,-14.53559522560843,0.1697291908245404
3.600000000000002,-14.42897141131548,16.15039747945259
3.700000000000002,-11.126747058368384,31.21474615792699
3.800000000000002,-4.828164091491143,41.89343061423586
3.900000000000002,3.5746628518134855,45.10973958416432
4.000000000000002,12.578737454387284,38.92212346796128
4.100000000000001,20.300268460707603,23.1394060947372
4.200000000000001,24.826648337351507,-0.3478595167780263
4.300000000000001,24.632943192309142,-27.63977971202578
4.4,18.981822533942438,-53.35402823796455
4.5,8.216107773679816,-71.56633161340301
4.6,-6.138239087869186,-77.02573358378065
4.699999999999999,-21.51269460918597,-66.42238390793551
4.799999999999999,-34.689607917727145,-39.43730064243417
4.899999999999999,-42.403620006625346,0.6931330991874063
4.999999999999998,-42.05297528675474,47.30245845151592
5.099999999999998,-32.382218720017775,91.19560834437033
5.1999999999999975,-13.981185957543623,122.25626851917136
5.299999999999997,10.539973676078368,131.5227596465108
5.399999999999997,36.79182573700014,113.35265062049903
5.4999999999999964,59.27839673241495,67.21400977877393
5.599999999999996,72.42480670450766,-1.3529271158212097
5.699999999999996,71.79209724782088,-80.95256813498858
5.799999999999995,55.24262313458406,-155.8762467008421
5.899999999999995,23.791160678742717,-208.84931981384244
5.999999999999995,-18.097659087419487,-224.5771305697673
6.099999999999994,-62.92259690593585,-193.4408490451175
6.199999999999994,-101.29615373042967,-114.55394999633216
6.299999999999994,-123.70046296104395,2.599516606957067
6.399999999999993,-122.56205732484732,138.54005003375758
6.499999999999993,-94.24123703147156,266.43131058940173
6.5999999999999925,-40.48376872843385,356.7751057945503
6.699999999999992,31.073671274118382,383.4684961061
6.799999999999992,107.6120021389678,330.11403289926477
6.8999999999999915,173.09674870812592,195.23512890143698
6.999999999999991,211.2782907448727,-4.933051122573374
7.099999999999991,209.23528906663367,-237.09251838580465
7.19999999999999,160.77060894413958,-455.3967104398115
7.29999999999999,68.88741381145658,-609.4745447563744
7.39999999999999,-53.35193220887559,-654.7769727111579
7.499999999999989,-184.04056709006278,-563.3509986458369
7.599999999999989,-295.79056398377986,-332.738824914476
7.699999999999989,-360.8593761467561,9.267736713405611
7.799999999999988,-357.2015319233412,405.74966363916707
7.899999999999988,-274.2655915358911,778.383865572884
7.999999999999988,-117.21749046363482,1041.15682298372
8.099999999999987,91.59996158542738,1118.0382213445325
8.199999999999987,314.7496060464067,961.3763525333358
8.299999999999986,505.4511285228419,567.0829682556216
8.399999999999986,616.340466531352,-17.26742153228554
8.499999999999986,609.8052798922382,-694.3785636401585
8.599999999999985,467.8805407647453,-1330.4454433396127
8.699999999999985,199.45204939299902,-1778.5917660138518
8.799999999999985,-157.26356405673639,-1909.0594320454582
8.899999999999984,-538.2891326455443,-1640.616539980775
8.999999999999984,-863.7209949784717,-966.4676670716376
9.099999999999984,-1052.695923417907,31.94881075826322
9.199999999999983,-1041.0426816491647,1188.3168859800476
9.299999999999983,-798.1740910449093,2274.0479914951266
9.399999999999983,-339.37362229065945,3038.3370920697707
9.499999999999982,269.990664234748,3259.7312219860078
9.599999999999982,920.5869553107759,2799.7549302284847
9.699999999999982,1475.935006579919,1647.1215328752069
9.799999999999981,1797.9796381220608,-58.763051006464366
9.89999999999998,1777.2371297301574,-2033.602500390408
9.99999999999998,1361.630444003425,-3886.883218074061
10.09999999999998,577.4456481685958,-5190.332545574125
10.19999999999998,-463.5080891870723,-5566.006131280874
10.29999999999998,-1574.3917749973116,-4777.846926611051
10.399999999999979,-2522.0892014445353,-2807.123627783455
10.499999999999979,-3070.9034809940035,107.53067519470687
10.599999999999978,-3034.042828550092,3480.147970528375
10.699999999999978,-2322.843020301667,6643.587683407057
10.799999999999978,-982.511268518747,8866.535621568539
10.899999999999977,795.7084121375547,9503.971235860734
10.999999999999977,2692.5241172490137,8153.493420716387
11.099999999999977,4309.760180806046,4784.042220706653
11.199999999999976,5245.0198240433465,-195.89608921533
11.299999999999976,5179.615507080064,-5955.623091202245
11.399999999999975,3962.592811304215,-11355.418994430203
11.499999999999975,1671.6960483616529,-15146.50013714333
11.599999999999975,-1365.9624593088215,-16228.04078348398
11.699999999999974,-4604.740803709074,-13914.080039070077
11.799999999999974,-7364.533107504543,-8153.161153036592
11.899999999999974,-8958.34267257434,355.4833228702355
11.999999999999973,-8842.45429463742,10191.886096558497
12.099999999999973,-6759.864803852533,19408.991515831734
12.199999999999973,-2844.267176666924,25874.393224277934
12.299999999999972,2344.8328040719975,27709.367457397653
12.399999999999972,7874.982131531168,23744.583000048573
12.499999999999972,12584.523820883227,13894.873505361858
12.599999999999971,15300.575902851184,-642.8463728777842
12.69999999999997,15095.503748761372,-17441.337547370196
12.79999999999997,11531.758720543525,-33174.32479363919
12.89999999999997,4839.23496821297,-44200.54314655511
12.99999999999997,-4025.069835939117,-47313.67445426162
13.09999999999997,-13467.679377611748,-40520.41391201551
13.199999999999969,-21504.42376312679,-23679.945901041814
13.299999999999969,-26132.89082451952,1158.917533449745
13.399999999999968,-25770.442863706972,29847.151563748732
13.499999999999968,-19672.16033663869,56702.281135638965
13.599999999999968,-8233.343307827705,75506.54344915958
13.699999999999967,6909.132098543351,80787.89391531207
13.799999999999967,23032.16522111305,69148.45391114878
13.899999999999967,36746.69517723724,40355.64947236698
13.999999999999966,44634.09159582445,-2083.49769621234
14.099999999999966,43994.22159860286,-51076.82356680862
14.199999999999966,33558.88577724813,-96916.62614693135
14.299999999999965,14007.766118975615,-128985.56919455771
14.399999999999965,-11859.386550530806,-137944.833465703
14.499999999999964,-39389.05631091875,-118002.26658683395
14.599999999999964,-62792.56434673094,-68774.19131548163
14.699999999999964,-76233.43978809362,3736.3390316964797
14.799999999999963,-75105.00478281385,87406.30584701464
14.899999999999963,-57248.21858949686,165651.49581575915
14.999999999999963,-23831.678333397547,220341.96147341776
15.099999999999962,20355.872352952996,235539.70956648415
15.199999999999962,67362.03490448506,201371.26449991163
15.299999999999962,107299.47762994496,117204.46287998249
15.399999999999961,130203.87281779174,-6685.185656956106
15.499999999999961,128215.81632231156,-149575.1864736792
15.59999999999996,97659.69994596415,-283133.82510453794
15.69999999999996,40544.63642532674,-376402.8037898716
15.79999999999996,-34938.647514774224,-402181.7636682374
15.89999999999996,-115200.30701084784,-343640.1632185739
15.99999999999996,-183352.3381195084,-199737.8173457126
16.09999999999996,-222383.1398980534,11936.64545303228
16.19999999999996,-218883.89510795666,255961.2670682394
16.29999999999996,-166597.222218769,483935.48833357973
16.399999999999963,-68977.13844095918,642995.6583575467
16.499999999999964,59966.87892275495,686720.7277247244
16.599999999999966,197011.19007308607,586421.1245234577
16.699999999999967,313310.3590274122,340387.75921689015
16.79999999999997,379821.35907565313,-21273.02367410774
16.89999999999997,373667.6475454533,-438012.86747362075
16.99999999999997,284196.73581300187,-827146.6363999384
17.099999999999973,117346.42485394918,-1098405.7139742435
17.199999999999974,-102921.45006516928,-1172566.4956148753
17.299999999999976,-336920.1419378185,-1000724.5757624453
17.399999999999977,-535380.4563806185,-580076.1908427227
17.49999999999998,-648718.79226726,37846.12071809382
17.59999999999998,-637905.974162305,749544.4861761752
17.69999999999998,-484807.5470562585,1413763.833445902
17.799999999999983,-199630.7426317968,1876363.9435354911
17.899999999999984,176640.19978846042,2002139.563253693
17.999999999999986,576184.9114402568,1707728.365323702
18.099999999999987,914849.6599477959,988538.5444732346
18.19999999999999,1107983.120542704,-67223.00869300275
18.29999999999999,1088998.6032013898,-1282643.2908553267
18.39999999999999,827024.9520143175,-2416409.5898340894
18.499999999999993,339607.909287428,-3205316.557558134
18.599999999999994,-303153.441770636,-3418619.4298963984
18.699999999999996,-985361.5605410626,-2914219.672453879
18.799999999999997,-1563278.687229133,-1684610.9722360163
18.9,-1892384.4882401905,119226.13232783088
19.0,-1859077.3393334234,2194887.762775649
19.1,-1410804.4000816266,4130128.447903632
19.200000000000003,-577724.6885004921,5475506.86559824
19.300000000000004,520265.3080616583,5837228.679668869
19.400000000000006,1685109.7174551238,4973075.406817601
19.500000000000007,2671299.2502313685,2870800.9472760847
19.60000000000001,3232102.9434354287,-211168.27534222463
19.70000000000001,3173708.7736498066,-3755923.0993540846
19.80000000000001,2406655.6099107405,-7059206.595401168
19.900000000000013,982781.0127809532,-9353567.436532924
20.000000000000014,-892846.3795895363,-9966948.178765325
20.100000000000016,-2881771.7834446537,-8486469.75227857
20.200000000000017,-4564656.874983145,-4892197.3028755225
20.30000000000002,-5520273.051183334,373535.12474971265
20.40000000000002,-5417964.660977474,6427158.724813894
20.50000000000002,-4105443.0927098077,12065561.915648421
20.600000000000023,-1671803.4941165743,15978271.221846787
20.700000000000024,1532209.7677233662,17018341.50428268
20.800000000000026,4928217.019741286,14481993.684572842
20.900000000000027,7799974.671557147,8336855.278628785
21.00000000000003,9428345.853925118,-659959.6240155157
21.10000000000003,9249212.199852388,-10998142.082132371
21.20000000000003,7003337.722426652,-20622368.39786338
21.300000000000033,2843847.354241842,-27294921.47263953
21.400000000000034,-2629356.177057274,-29058407.48867358
21.500000000000036,-8427890.893906705,-24713195.319476895
21.600000000000037,-13328390.503332552,-14206855.570205677
21.70000000000004,-16103119.664857024,1164716.7619704138
21.80000000000004,-15789660.714138657,18819912.55521462
21.90000000000004,-11946729.899525039,35247543.713006414
22.000000000000043,-4837487.507426131,46626569.41683364
22.100000000000044,4512013.8134777285,49616477.204160705
22.200000000000045,14412749.185242482,42172438.14912716
22.300000000000047,22775173.069141705,24209792.13790407
22.40000000000005,27503255.63137681,-2053387.8450470082
22.50000000000005,26955061.784210525,-32204299.64730915
22.60000000000005,20379426.545827642,-60244652.62757527
22.700000000000053,8228598.887583449,-79649789.1966069
22.800000000000054,-7742501.946175852,-84718758.51311836
22.900000000000055,-24647541.139068644,-71966068.446669
23.000000000000057,-38917517.122707106,-41255469.77136004
23.10000000000006,-46974023.491365574,3616572.552185774
23.20000000000006,-46015838.86347159,55107169.76507862
23.30000000000006,-34764325.716138504,102969234.02664344
23.400000000000063,-13996657.282229122,136061530.61306363
23.500000000000064,13285632.126794752,144654777.0928625
23.600000000000065,42150159.384733275,122807842.89874513
23.700000000000067,66500977.16755864,70302275.43060127
23.800000000000068,80228927.3678411,-6363913.2252433
23.90000000000007,78555000.08595324,-94297537.66860636
24.00000000000007,59302717.5518022,-175993160.8797246
24.100000000000072,23807571.788098272,-232426492.14272076
24.200000000000074,-22796764.499386374,-246993496.50249282
24.300000000000075,-72081479.97738801,-209567380.72804317
24.400000000000077,-113634548.7231097,-119799383.7165142
24.500000000000078,-137026252.722797,11188589.064732194
24.60000000000008,-134103403.64623658,161358037.6065723
24.70000000000008,-101161279.10669093,300803879.73710394
24.800000000000082,-40494696.76373668,397041092.76760876
24.900000000000084,39115995.27360376,421733204.5693387
25.000000000000085,123267056.21110347,357618949.5399076
25.100000000000087,194174510.83802947,204144240.2306984
25.200000000000088,234032486.329979,-19654933.702668905
25.30000000000009,228931337.15779534,-276107921.9805124
25.40000000000009,172565096.0759039,-514126996.7550616
25.500000000000092,68876871.24451202,-678242252.6008028
25.600000000000094,-67115963.63187109,-720094698.3397259
25.700000000000095,-210799323.4816569,-610262403.4276814
25.800000000000097,-331797807.5497849,-347870027.4264747
25.900000000000098,-399712823.9973309,34501062.24961239
26.0000000000001,-390814047.4274218,472460115.5341958
26.1000000000001,-294367954.08344555,878732561.92765
26.200000000000102,-117149601.92749833,1158600683.3230577
26.300000000000104,115156282.74675071,1229535211.2771528
26.400000000000105,360487543.5884476,1041386539.6918693
26.500000000000107,566962413.8088791,592780914.7599835
26.600000000000108,682683784.6918315,-60516786.167782724
26.70000000000011,667167008.5348158,-808443110.0204083
26.80000000000011,502142551.48806,-1501904663.9076853
26.900000000000112,199250905.94908264,-1979166237.349167
27.000000000000114,-197578596.05049622,-2099383922.0256996
27.100000000000115,-616467487.4753836,-1777078270.268869
27.200000000000117,-968800804.0917805,-1010110120.5325035
27.300000000000118,-1165978824.1778224,106076269.99508023
27.40000000000012,-1138933676.057917,1383349163.0909307
27.50000000000012,-856569175.0594413,2567008748.600093
27.600000000000122,-338884579.4641255,3380884403.7354736
27.700000000000124,338986724.1802899,3584613220.959238
27.800000000000125,1054214434.7512362,3032497163.3129573
27.900000000000126,1655442795.2400715,1721236426.92095
28.000000000000128,1991412866.6480613,-185812469.18917632
28.10000000000013,1944293308.4769857,-2367075999.042585
28.20000000000013,1461156642.1260839,-4387444838.41514
28.300000000000132,576361891.2324252,-5775344902.833076
28.400000000000134,-581588898.7903521,-6120575738.04709
28.500000000000135,-1802796101.9058185,-5174799162.4753475
28.600000000000136,-2828741953.891359,-2932983492.2551794
28.700000000000138,-3401194942.572938,325281831.6380744
28.80000000000014,-3319132601.5324583,4050332176.8864026
28.90000000000014,-2492470503.147516,7498861429.727786
29.000000000000142,-980235864.6862206,9865635911.703665
29.100000000000144,997792496.9779437,10450613567.273325
29.200000000000145,3082926247.947719,8830511142.233921
29.300000000000146,4833613845.154764,4997766712.379734
29.400000000000148,5808999118.404937,-569096852.9094925
29.50000000000015,5666134752.231014,-6930541040.509449
29.60000000000015,4251695870.367969,-12816762215.938091
29.700000000000152,1667084947.8285108,-16852789562.545952
29.800000000000153,-1711808389.4198225,-17843943527.030014
29.900000000000155,-5272038052.878726,-15068757122.316708
30.000000000000156,-8259429287.077675,-8516077408.034273
30.100000000000158,-9921347622.24914,995098678.1528835
30.20000000000016,-9672721148.507317,11858826128.719294
30.30000000000016,-7252592317.020922,21905878085.641376
30.400000000000162,-2835153738.307541,28788435730.08232
30.500000000000163,2936709176.400461,30467683055.7165
30.600000000000165,9015562241.661758,25713918808.890167
30.700000000000166,14113268192.231483,14511104402.617725
30.800000000000168,16944922731.79387,-1739045828.9677925
30.90000000000017,16512388952.341343,-20291508542.49266
31.00000000000017,12371525299.081104,-37440560962.943504
31.100000000000172,4821555479.996998,-49177210743.785545
31.200000000000173,-5037994446.160097,-52022061234.59297
31.300000000000175,-15417216720.84789,-43879164282.08721
31.400000000000176,-24115963493.66109,-24726267675.050175
31.500000000000178,-28940637211.20282,3037605551.7295303
31.60000000000018,-28188412914.8009,34720426206.466156
31.70000000000018,-21103385608.933662,63991659102.423836
31.800000000000182,-8199536860.404226,84005800317.12967
31.900000000000183,8642620887.323729,88825000847.71783
32.000000000000185,26364407952.43068,74876867829.27583
32.100000000000186,41207959478.52369,42132175690.13829
32.20000000000019,49428354819.15873,-5303188520.74469
32.30000000000019,48120575340.913994,-59409219395.78206
32.40000000000019,35998128585.05301,-109371391300.99835
32.50000000000019,13943859681.92807,-143500763179.50674
32.60000000000019,-14826012252.382921,-151663970670.65228
32.700000000000195,-45084676325.251465,-127772158659.49847
32.800000000000196,-70413684675.5249,-71790406768.74695
32.9000000000002,-84419697605.89667,9254166712.767792
33.0000000000002,-82146765775.31363,101653125743.61572
33.1000000000002,-61405406797.71391,186931911809.2799
33.2000000000002,-23711997401.869358,245131263696.3012
33.3000000000002,25432815324.400234,258957897653.54245
33.400000000000205,77097230778.48672,218033905914.02505
33.500000000000206,120318525807.3993,122325256761.9884
33.60000000000021,144181984530.75998,-16141384464.250244
33.70000000000021,140232797715.25613,-173934498224.87372
33.80000000000021,104744734081.70511,-319493850800.41174
33.90000000000021,40322240251.21423,-418738365750.2668
34.00000000000021,-43627044100.0952,-442155911739.08905
34.100000000000215,-131840091227.41254,-372058367642.0299
34.200000000000216,-205592564299.68146,-208431348909.7746
34.30000000000022,-246250871260.138,28142039265.36374
34.40000000000022,-239391209050.76456,297610895688.2474
34.50000000000022,-178672073867.86127,546060680859.676
34.60000000000022,-68566577326.58675,715296928071.3396
34.70000000000022,74835641174.3141,754955316727.0181
34.800000000000225,225452526313.8462,634888345598.9216
34.900000000000226,351302932802.0613,355146149373.74475
35.00000000000023,420575648012.7999,-49044384177.2099
35.10000000000023,408663892937.29395,-509225377782.4293
35.20000000000023,304775497916.12164,-933294391124.3312
35.30000000000023,116592742201.6748,-1221882719275.8484
35.40000000000023,-128366765364.50325,-1289040599733.8982
35.500000000000234,-385533051484.4603,-1083385127846.2496
35.600000000000236,-600282411796.288,-605129514821.0308
35.70000000000024,-718306902701.5126,85437613895.9375
35.80000000000024,-697627845408.8175,871303326172.8044
35.90000000000024,-519879040947.2126,1595128789813.8633
36.00000000000024,-198253887779.7039,2087239295365.104
36.10000000000024,220185240732.21545,2200956607154.523
36.200000000000244,659275635959.459,1848705011991.3599
36.300000000000246,1025720260177.9337,1031066561836.3871
36.40000000000025,1226804971244.3215,-148779052451.15942
36.50000000000025,1190915135897.868,-1490825568197.3552
36.60000000000025,886795446578.9075,-2726290939275.142
36.70000000000025,337103281490.98456,-3565451383548.183
36.80000000000025,-377672511626.10706,-3757992424010.857
36.900000000000254,-1127382633870.148,-3154653040021.596
37.000000000000256,-1752676328705.1165,-1756799490763.3538
37.10000000000026,-2095272845214.2617,258984445350.44214
37.20000000000026,-2032999591918.102,2550835352818.608
37.30000000000026,-1512667523394.79,4659593136287.59
37.40000000000026,-573185558520.2981,6090547755207.479
37.50000000000026,647789920313.7993,6416524481819.433
37.600000000000264,1927855867076.117,5383129345383.281
37.700000000000266,2994842456817.393,2993331424330.3887
37.80000000000027,3578534529399.384,-450661849385.2632
37.90000000000027,3470509486875.334,-4364516739255.3223
38.00000000000027,2580253591589.8926,-7963851337855.424
38.10000000000027,974582056060.8583,-10403937721711.535
38.20000000000027,-1111078398561.7532,-10955781097292.902
38.300000000000274,-3296679226027.525,-9185805804010.328
38.400000000000276,-5117356990699.453,-5100168365179.535
38.50000000000028,-6111803878781.862,783932742848.8398
38.60000000000028,-5924458310818.186,7467720372366.446
38.70000000000028,-4401291944790.806,13611238495648.129
38.80000000000028,-1657037785937.2258,17772097710135.61
38.90000000000028,1905666945019.5823,18706234389159.777
39.000000000000284,5637385488126.439,15674689030180.25
39.100000000000286,8744136366721.857,8689830541732.153
39.20000000000029,10438381793234.678,-1363210988748.497
39.30000000000029,10113547686518.805,-12777270411869.219
39.40000000000029,7507525865712.367,-23263309346446.445
39.50000000000029,2817326367094.516,-30358422331407.727
39.60000000000029,-3268444731022.5024,-31939560218641.31
39.700000000000294,-9640014551095.652,-26747293003584.492
39.800000000000296,-14941273079057.072,-14805912347200.049
39.9000000000003,-17827749183101.797,2369783657122.7324
40.0000000000003,-17264653705761.742,21861818575678.57
40.1000000000003,-12805966722097.219,39759846723232.56
40.2000000000003,-4789967543840.221,51858417781377.875
40.3000000000003,5605665850154.557,54534461190533.23
40.400000000000304,16484529759010.43,45641505695836.555
40.500000000000306,25530408249382.688,25226447676133.258
40.60000000000031,30448045743362.426,-4118323781994.3633
40.70000000000031,29472140758246.74,-37405257910593.31
40.80000000000031,21843728472336.84,-67954349849135.055
40.90000000000031,8143639860148.144,-88584733676248.83
41.00000000000031,-9614025074402.363,-93113500838599.34
41.100000000000314,-28188655116750.22,-77882398214826.78
41.200000000000315,-43624191484131.83,-42980757675660.2
41.30000000000032,-52002222061843.21,7154890840667.82
41.40000000000032,-50311232783400.43,63999590566661.96
41.50000000000032,-37259758506151.03,116141967100069.33
41.60000000000032,-13845066293606.41,151320603101832.0
41.70000000000032,16488279658228.023,158984145869707.47
41.800000000000324,48202667433878.38,132897830952171.25
41.900000000000325,74541220287143.25,73230005227296.47
42.00000000000033,88814515231166.83,-12426837349925.922
42.10000000000033,85885075185025.81,-109501462236713.14
42.20000000000033,63555357361758.055,-198499971828405.88
42.30000000000033,23537586209268.09,-258485866334919.44
42.40000000000033,-28277274988762.14,-271452917848368.38
42.500000000000334,-82426472183492.02,-226775269468311.6
42.600000000000335,-127369393716236.88,-124767386593054.81
42.70000000000034,-151686024066266.66,21577315824458.5
42.80000000000034,-146612130781043.62,187353076506128.9
42.90000000000034,-108408454825912.62,339258766539970.5
43.00000000000034,-40014659243788.97,441545128521475.9
43.10000000000034,48494439756725.16,463483997263569.94
43.200000000000344,140948767010655.53,386965913667993.75
43.300000000000345,217637205909201.0,212573974272872.97
43.40000000000035,259063814734229.6,-37455650940891.78
43.50000000000035,250277365472380.1,-320553064601499.75
43.60000000000035,184915365724718.25,-579830513391042.9
43.70000000000035,68024686217886.09,-754245890018680.9
43.80000000000035,-83164615216939.53,-791360750357421.5
43.900000000000354,-241020942212339.12,-660311636100916.9
44.000000000000355,-371878164721460.8,-362173017862298.0
44.10000000000036,-442453377470313.1,65001614224423.81
44.20000000000036,-427240787738076.8,548450248730547.06
44.30000000000036,-315414534053277.0,990992602805904.2
44.40000000000036,-115638940821829.75,1288398960124213.8
44.50000000000036,142619045907122.16,1351181847022015.8
44.600000000000364,412142320081989.7,1126741804173080.5
44.700000000000365,635429969316195.9,617048161874237.8
44.80000000000037,755662451844462.4,-112777212467289.62
44.90000000000037,729328697091782.1,-938367048872833.8
45.00000000000037,538008643831756.44,-1693710263230152.5
45.10000000000037,196576547966567.12,-2200834258283577.0
45.20000000000037,-244573186429981.16,-2307026748132622.0
45.300000000000374,-704755670124355.8,-1922644905653011.8
45.400000000000375,-1085760872904336.4,-1051281423233569.9
45.50000000000038,-1290588353186528.8,195619608122878.75
45.60000000000038,-1245011489796020.5,1605485816221916.5
45.70000000000038,-917689269102657.1,2894724164186443.0
45.80000000000038,-334155989919855.1,3759446151990043.5
45.90000000000038,419404020427752.9,3939045433302382.0
46.000000000000384,1205116086986090.5,3280748739166734.5
46.100000000000385,1855240254384507.0,1791083606523698.2
46.20000000000039,2204180774417324.0,-339234853625444.5
46.30000000000039,2125312899820148.5,-2746871962803228.5
46.40000000000039,1565311942760402.0,-4947372554465230.0
46.50000000000039,568010872153554.0,-6421847063778410.0
46.60000000000039,-719198594962895.9,-6725566669958398.0
46.700000000000394,-2060715935979761.0,-5598169882001292.0
46.800000000000395,-3170046332700120.5,-3051473858323490.5
46.9000000000004,-3764490872701318.0,588150800562816.5
47.0000000000004,-3628038258225248.5,4699683220506125.0
47.1000000000004,-2669961422832897.0,8455541143528592.0
47.2000000000004,-965503387013014.0,1.096972165146835e+16
47.3000000000004,1233268460215721.0,1.1483289294609248e+16
47.400000000000404,3523759976836492.0,9552529523641492.0
47.500000000000405,5416647081680608.0,5198767072939276.0
47.600000000000406,6429317260860061.0,-1019483070556357.0
47.70000000000041,6193274060444489.0,-8040757903974606.0
47.80000000000041,4554156109347345.0,-1.4451321475264812e+16
47.90000000000041,1641121033747646.0,-1.8738327121783652e+16
48.00000000000041,-2114749995777822.5,-1.960664390281688e+16
48.10000000000041,-6025505026362310.0,-1.630008671232043e+16
48.200000000000415,-9255394843694584.0,-8857026847705868.0
48.300000000000416,-1.0980523239017284e+16,1766758822743466.0
48.40000000000042,-1.0572268858273504e+16,1.3756996444525306e+16
48.50000000000042,-7768008225077076.0,2.4698642366399896e+16
48.60000000000042,-2789439710671710.5,3.2008519295664684e+16
48.70000000000042,3626211347014585.5,3.3476477012620332e+16
48.80000000000042,1.030337569280358e+16,2.781382068027327e+16
48.900000000000425,1.5814622950394218e+16,1.5089416384175668e+16
49.000000000000426,1.875343311247738e+16,-3061139680466754.0
49.10000000000043,1.804743801082164e+16,-2.3536859120168532e+16
49.20000000000043,1.3249828996733824e+16,-4.22121979760639e+16
49.30000000000043,4741140256537374.0,-5.467639997366792e+16
49.40000000000043,-6217845439478897.0,-5.715783425717563e+16
49.50000000000043,-1.7618323063716628e+16,-4.746031256089006e+16
49.600000000000435,-2.702229396057606e+16,-2.5707141562757268e+16
49.700000000000436,-3.2028610803324636e+16,5302738872014260.0
49.80000000000044,-3.080791997490516e+16,4.026907381207064e+16
49.90000000000044,-2.2600065612616504e+16,7.214433209386278e+16
50.00000000000044,-8058198865780864.0,9.339718766304779e+16
50.10000000000044,1.06615296611576e+16,9.759134703225435e+16
50.20000000000044,3.0126491419302684e+16,8.098409705336827e+16
50.300000000000445,4.617267837287982e+16,4.3795751639466904e+16
50.400000000000446,5.47009653089088e+16,-9183982152674248.0
50.50000000000045,5.259066405182941e+16,-6.8895844884840216e+16
50.60000000000045,3.8548541754602216e+16,-1.2330078309761054e+17
50.70000000000045,1.3695642426307094e+16,-1.5953913987279245e+17
50.80000000000045,-1.8280663760382936e+16,-1.6662738954809062e+17
50.90000000000045,-5.151473835119915e+16,-1.3818728993426485e+17
51.000000000000455,-7.889462264629613e+16,-7.461171325123253e+16
51.100000000000456,-9.342249218331115e+16,1.5902957322254848e+16
51.20000000000046,-8.977478825794362e+16,1.1787255085778437e+17
51.30000000000046,-6.575140414509702e+16,2.1073119039863315e+17
51.40000000000046,-2.327640904464491e+16,2.7252117543830822e+17
51.50000000000046,3.134420808823996e+16,2.844991666155022e+17
51.60000000000046,8.80873203708992e+16,2.3579557938766314e+17
51.700000000000465,1.3480599964657734e+17,1.2710974801029085e+17
51.800000000000466,1.5955391925040262e+17,-2.753233900145877e+16
51.90000000000047,1.5324968185385885e+17,-2.016650332268287e+17
52.00000000000047,1.121504267992238e+17,-3.60156431604732e+17
52.10000000000047,3.955838834428128e+16,-4.655140795036416e+17
52.20000000000047,-5.374221949816845e+16,-4.8575260270716896e+17
52.30000000000047,-1.506240289421114e+17,-4.023485311238252e+17
52.400000000000475,-2.303406150221659e+17,-2.1654467273131142e+17
52.500000000000476,-2.7249784649331734e+17,4.765723742963661e+16
52.60000000000048,-2.6160390977492346e+17,3.4502200670080384e+17
52.70000000000048,-1.9129148888588806e+17,6.155352071181795e+17
52.80000000000048,-6.722799001782272e+16,7.951790845367473e+17
52.90000000000048,9.214396683961586e+16,8.293709193295149e+17
53.00000000000048,2.5755743087132077e+17,6.865440098394616e+17
53.100000000000485,3.935784456848565e+17,3.689036353890358e+17
53.200000000000486,4.6539128053423936e+17,-8.247783663375814e+16
53.30000000000049,4.465687568048165e+17,-5.902843533897335e+17
53.40000000000049,3.262790423428457e+17,-1.051995768205545e+18
53.50000000000049,1.1424849349002246e+17,-1.358302926372398e+18
53.60000000000049,-1.5798333425190726e+17,-1.4160611228928028e+18
53.70000000000049,-4.404056421592083e+17,-1.1714763990710648e+18
53.800000000000495,-6.724988937626253e+17,-6.284563727423823e+17
53.900000000000496,-7.948276738422886e+17,1.4271522903362458e+17
54.0000000000005,-7.623104896663523e+17,1.0098899088084608e+18
54.1000000000005,-5.565209554563283e+17,1.7979369520010253e+18
54.2000000000005,-1.941509602788416e+17,2.3202131554029353e+18
54.3000000000005,2.7086242560313965e+17,2.4177685539395144e+18
54.4000000000005,7.530618242630268e+17,1.998931458079085e+18
54.500000000000504,1.1490828067575287e+18,1.0706168784858012e+18
54.600000000000506,1.3574607684209014e+18,-2.469050528717705e+17
54.70000000000051,1.301292454004443e+18,-1.7277666454911734e+18
54.80000000000051,9.49232662636186e+17,-3.072800012621502e+18
54.90000000000051,3.299264967987046e+17,-3.9633159408902313e+18
55.00000000000051,-4.643863238633353e+17,-4.1280692903242947e+18
55.10000000000051,-1.2876782503088776e+18,-3.4108408695584113e+18
55.200000000000514,-1.9634080329690156e+18,-1.8238527507407252e+18
55.300000000000516,-2.3183615429523154e+18,4.270887230622282e+17
55.40000000000052,-2.2213519906251082e+18,2.955931984156664e+18
55.50000000000052,-1.6190588338406497e+18,5.25162257463645e+18
55.60000000000052,-5.606390247441565e+17,6.770006163129342e+18
55.70000000000052,7.961654030054328e+17,7.048208782191447e+18
55.80000000000052,2.201826332428695e+18,5.820016399775899e+18
55.900000000000524,3.354820480721731e+18,3.107006614115539e+18
56.000000000000526,3.95944770114123e+18,-7.386462453841423e+17
56.10000000000053,3.7919212135586954e+18,-5.057106404370289e+18
56.20000000000053,2.7615403266168443e+18,-8.975364419066339e+18
56.30000000000053,9.526597411704922e+17,-1.156429055739155e+19
56.40000000000053,-1.3649616690136707e+18,-1.2034001744809513e+19
56.50000000000053,-3.764937209630505e+18,-9.930843821654e+18
56.600000000000534,-5.732281287913153e+18,-5.292870699977743e+18
56.700000000000536,-6.762194021469136e+18,1.277282251725612e+18
56.80000000000054,-6.472926601016668e+18,8.651831562755381e+18
56.90000000000054,-4.710195655460509e+18,1.5339459245735948e+19
57.00000000000054,-1.6187528280360164e+18,1.9753701504455713e+19
57.10000000000054,2.3400812369953065e+18,2.0546644540072546e+19
57.20000000000054,6.437709738824839e+18,1.694522295237408e+19
57.300000000000544,9.79456578060553e+18,9.016481092048052e+18
57.400000000000546,1.1548889170112113e+19,-2.208365321220435e+18
57.50000000000055,1.1049471660017463e+19,-1.4801725142282736e+19
57.60000000000055,8.033879273260829e+18,-2.621605771118781e+19
57.70000000000055,2.750498334656963e+18,-3.3742522026215326e+19
57.80000000000055,-4.011758562259387e+18,-3.5080944093027217e+19
57.90000000000055,-1.1007888588053535e+19,-2.891396246989053e+19
58.000000000000554,-1.6735641639091374e+19,-1.5359586899537115e+19
58.100000000000556,-1.972388081080334e+19,3.8175982484402545e+18
58.20000000000056,-1.886174175706127e+19,2.532298722790191e+19
58.30000000000056,-1.3702835602695582e+19,4.480475379927422e+19
58.40000000000056,-4.67337066482726e+18,5.763763527227565e+19
58.50000000000056,6.877523242952007e+18,5.989646123997186e+19
58.60000000000056,1.882242787473162e+19,4.933636261072606e+19
58.700000000000564,2.859558825750317e+19,2.6164873817984975e+19
58.800000000000566,3.368558507981265e+19,-6.598516956167758e+18
58.90000000000057,3.2197453763180036e+19,-4.3322734696153285e+19
59.00000000000057,2.3371919555133477e+19,-7.657379710084366e+19
59.10000000000057,7.940300537189077e+18,-9.84542187564483e+19
59.20000000000057,-1.1790244716786532e+19,-1.0226583840953387e+20
59.30000000000057,-3.218446117510937e+19,-8.418327730059198e+19
59.400000000000574,-4.8860194329352225e+19,-4.457120614294208e+19
59.500000000000576,-5.753013458629388e+19,1.1403567926492471e+19
59.60000000000058,-5.496177032806392e+19,7.411653757509111e+19
59.70000000000058,-3.986365396140538e+19,1.3086865805720687e+20
59.80000000000058,-1.3490604080156977e+19,1.6817524451189244e+20
59.90000000000058,2.021189784262229e+19,1.746061467744705e+20
60.00000000000058,5.503206770830328e+19,1.4364275180886245e+20
60.100000000000584,8.348545773153426e+19,7.592533973928572e+19
60.200000000000585,9.825309839073373e+19,-1.9704930752366256e+19
60.30000000000059,9.382084674830682e+19,-1.2679809244455505e+20
60.40000000000059,6.799212402565428e+19,-2.236611192454648e+20
60.50000000000059,2.2919939556433043e+19,-2.8726939971141124e+20
60.60000000000059,-3.464854008363137e+19,-2.98117863237917e+20
60.70000000000059,-9.409887003079662e+19,-2.4509857598402668e+20
60.800000000000594,-1.4264809087744798e+20,-1.2933489015094906e+20
60.900000000000595,-1.6780182845325056e+20,3.404475432179119e+19
61.0000000000006,-1.601538684466261e+20,2.1692452790427727e+20
61.1000000000006,-1.159681935235375e+20,3.822475568003521e+20
61.2000000000006,-3.893884119584938e+19,4.907001918362257e+20
61.3000000000006,5.939589137737502e+19,5.0899790755984874e+20
61.4000000000006,1.608984934324579e+20,4.182125316667438e+20
61.500000000000604,2.4373650729864436e+20,2.2031356230770288e+20
61.600000000000605,2.8658053722369173e+20,-5.8812273836191056e+19
61.70000000000061,2.7338517977033507e+20,-3.711102510904424e+20
61.80000000000061,1.9779620365339492e+20,-6.532784362832889e+20
61.90000000000061,6.615153537847016e+19,-8.381903384878589e+20
62.00000000000061,-1.0181728999599399e+20,-8.690475104797831e+20
62.10000000000061,-2.7511770564197063e+20,-7.135961159602006e+20
62.200000000000614,-4.164613403058009e+20,-3.752868339560228e+20
62.300000000000615,-4.894364003954764e+20,1.0158498207815932e+20
62.40000000000062,-4.666722219778671e+20,6.348857734092753e+20
62.50000000000062,-3.3736170618612266e+20,1.1164809289144655e+21
62.60000000000062,-1.1237871187229891e+20,1.431754759273477e+21
62.70000000000062,1.74534133541758e+20,1.483783604369332e+21
62.80000000000062,4.704181837479157e+20,1.2176068772549317e+21
62.900000000000624,7.115874682801624e+20,6.392665312694778e+20
63.000000000000625,8.358828371926572e+20,-1.7544301040217483e+20
63.10000000000063,7.96614820926259e+20,-1.0861419807939891e+21
63.20000000000063,5.7540335066282983e+20,-1.9081111847731745e+21
63.30000000000063,1.9090409695488072e+20,-2.4456493112636285e+21
63.40000000000063,-2.9918028578261946e+20,-2.533361352350816e+21
63.50000000000063,-8.043566548238695e+20,-2.077594970372394e+21
63.600000000000634,-1.2158538656242289e+21,-1.0889229015475177e+21
63.700000000000635,-1.4275591766056113e+21,3.029624957165099e+20
63.80000000000064,-1.3598288815792812e+21,1.8581294651968567e+21
63.90000000000064,-9.814038441320133e+20,3.261034761674223e+21
64.00000000000064,-3.242898725765087e+20,4.1775272521357265e+21
64.10000000000063,5.1283702721351916e+20,4.3253697493630997e+21
64.20000000000063,1.3753467919500716e+21,3.544980531960074e+21
64.30000000000062,2.077466164382336e+21,1.8548500342169912e+21
64.40000000000062,2.4380488404038226e+21,-5.231052483144282e+20
64.50000000000061,2.3212375465389177e+21,-3.178803710342912e+21
64.6000000000006,1.6738706167376406e+21,-5.573224826018576e+21
64.7000000000006,5.508562984502371e+20,-7.135821263129052e+21
64.8000000000006,-8.790622356678245e+20,-7.38497212826786e+21
64.90000000000059,-2.3516613501430577e+21,-6.048755062619861e+21
65.00000000000058,-3.5496540559163146e+21,-3.1594898243315045e+21
65.10000000000058,-4.1638037505030336e+21,9.031041283930168e+20
65.20000000000057,-3.962363906071915e+21,5.438133047526703e+21
65.30000000000057,-2.8549254770362145e+21,9.524826691829475e+21
65.40000000000056,-9.35685511285138e+20,1.2189003381977838e+22
65.50000000000055,1.5067935926668553e+21,1.2608807275292598e+22
65.60000000000055,4.0210210797620413e+21,1.0320893959594427e+22
65.70000000000054,6.065094766282116e+21,5.381726073876461e+21
65.80000000000054,7.111114507225999e+21,-1.5589644727276903e+21
65.90000000000053,6.763766040144331e+21,-9.303242207039905e+21
66.00000000000053,4.869298768535628e+21,-1.6278222740846675e+22
66.10000000000052,1.5893077265236144e+21,-2.0820540249193532e+22
66.20000000000051,-2.5827468619477103e+21,-2.152775173590983e+22
66.30000000000051,-6.875383474819938e+21,-1.7610342600971857e+22
66.4000000000005,-1.036307507764021e+22,-9.166903648621331e+21
66.5000000000005,-1.2144640431976274e+22,2.6908241192139673e+21
66.60000000000049,-1.15457524059736e+22,1.591538738842717e+22
66.70000000000049,-8.304946166258298e+21,2.7819945665576774e+22
66.80000000000048,-2.6994323023116517e+21,3.5564389165182063e+22
66.90000000000047,4.4269426922363195e+21,3.6755545239465776e+22
67.00000000000047,1.1755917026668294e+22,3.0048131016032533e+22
67.10000000000046,1.7706763644741458e+22,1.5614215735895784e+22
67.20000000000046,2.074107297369691e+22,-4.6439350601146077e+21
67.30000000000045,1.9708580596805504e+22,-2.722691857817548e+22
67.40000000000045,1.4164653978186383e+22,-4.754501130575276e+22
67.50000000000044,4.5848284471448977e+21,-6.074888011647015e+22
67.60000000000043,-7.587871718384858e+21,-6.275474740250602e+22
67.70000000000043,-2.010088184029414e+22,-5.127035114215739e+22
67.80000000000042,-3.025444765952415e+22,-2.6595863560725964e+22
67.90000000000042,-3.5422348133371723e+22,8.013822042786897e+21
68.00000000000041,-3.3642471984147487e+22,4.657771388735645e+22
68.1000000000004,-2.415871684675546e+22,8.125554737555086e+22
68.2000000000004,-7.786813787411511e+21,1.0376735853820432e+23
68.3000000000004,1.3005591989166413e+22,1.0714448577744677e+23
68.40000000000039,3.436946118470994e+22,8.748111030049137e+22
68.50000000000038,5.1693835938884665e+22,4.530064748228587e+22
68.60000000000038,6.049549625564742e+22,-1.3827604424601549e+22
68.70000000000037,5.7427497889448874e+22,-7.968127008458363e+22
68.80000000000037,4.12041063830849e+22,-1.388674542587482e+23
68.90000000000036,1.3224594999419838e+22,-1.7724859856720417e+23
69.00000000000036,-2.229124768901809e+22,-1.8293322313820577e+23
69.10000000000035,-5.8766436078214156e+22,-1.4926618952337556e+23
69.20000000000034,-8.83258418024982e+22,-7.71598003611712e+22
69.30000000000034,-1.0331617266571994e+23,2.3856615639635368e+22
69.40000000000033,-9.802826867446428e+22,1.3631157478994554e+23
69.50000000000033,-7.027581237310285e+22,2.3732709159235898e+23
69.60000000000032,-2.245901499276553e+22,3.027641306231542e+23
69.70000000000032,3.8206106206829134e+22,3.1233084058403856e+23
69.80000000000031,1.004812437926027e+23,2.546875817273246e+23
69.9000000000003,1.5091635391910461e+23,1.3142383446909544e+23
70.0000000000003,1.7644653904332816e+23,-4.1155346565374404e+22
70.10000000000029,1.6733323703503664e+23,-2.3318877218476668e+23
70.20000000000029,1.1985881641290812e+23,-4.0559589431406865e+23
70.30000000000028,3.814034346802984e+22,-5.1716079765256415e+23
70.40000000000028,-6.548251777982314e+22,-5.332571355847688e+23
70.50000000000027,-1.7180653230787778e+23,-4.3456350924772494e+23
70.60000000000026,-2.578602014958834e+23,-2.2384814824667314e+23
70.70000000000026,-3.0134053013773863e+23,7.0990480811132245e+22
70.80000000000025,-2.8563573132482348e+23,3.989155399220881e+23
70.90000000000025,-2.0442444468378172e+23,6.931690673832895e+23
71.00000000000024,-6.476850898370491e+22,8.833775031662849e+23
71.10000000000024,1.122308341944706e+23,9.10453987890046e+23
71.20000000000023,2.937604776015075e+23,7.41477370881626e+23
71.30000000000022,4.405871493898251e+23,3.812669769758865e+23
71.40000000000022,5.146376090380533e+23,-1.2244223620171539e+23
71.50000000000021,4.8757597375252e+23,-6.824214943334883e+23
71.60000000000021,3.4865379501705974e+23,-1.184633990744586e+24
71.7000000000002,1.0998372789305723e+23,-1.5089214657261223e+24
71.8000000000002,-1.923504838916325e+23,-1.554457493122179e+24
71.90000000000019,-5.022802300966102e+23,-1.2651490861852745e+24
72.00000000000018,-7.527986461831822e+23,-6.493833787697395e+23
72.10000000000018,-8.789113287062142e+23,2.111643009702479e+23
72.20000000000017,-8.322839118686335e+23,1.167408547498571e+24
72.30000000000017,-5.946407828095762e+23,2.0245504231791392e+24
72.40000000000016,-1.8675749425970043e+23,2.577427763110716e+24
72.50000000000016,3.2966184583374127e+23,2.6539896186408507e+24
72.60000000000015,8.588114603327426e+23,2.158662107291693e+24
72.70000000000014,1.2862498244894176e+24,1.1060363955610914e+24
72.80000000000014,1.5010258544791888e+24,-3.641402311553226e+23
72.90000000000013,1.4206926789757285e+24,-1.9970616595246643e+24
73.00000000000013,1.0141768836759171e+24,-3.459970523421733e+24
73.10000000000012,3.1711189457319094e+23,-4.402566569294155e+24
73.20000000000012,-5.6498697875850616e+23,-4.531261324859957e+24
73.30000000000011,-1.468414308836705e+24,-3.6832125819826024e+24
73.4000000000001,-2.1977147536890422e+24,-1.8837962131630967e+24
73.5000000000001,-2.5634854225532166e+24,6.278798265530045e+23
73.6000000000001,-2.4250920301298495e+24,3.416319800033892e+24
73.70000000000009,-1.7297026099724218e+24,5.913105043175032e+24
73.80000000000008,-5.384330882875533e+23,7.520122661985945e+24
73.90000000000008,9.682836095510735e+23,7.736392926002957e+24
74.00000000000007,2.5107207767039096e+24,6.284461309196629e+24
74.10000000000007,3.755059434659716e+24,3.208445389362497e+24
74.20000000000006,4.3779732153589166e+24,-1.0825422582313156e+24
74.30000000000005,4.139574897635859e+24,-5.844185682214558e+24
74.40000000000005,2.950039886704768e+24,-1.0105508785503276e+25
74.50000000000004,9.141879301705887e+23,-1.2845277221603356e+25
74.60000000000004,-1.6594384538009352e+24,-1.3208620083710835e+25
74.70000000000003,-4.2928652782740974e+24,-1.0722806780344264e+25
74.80000000000003,-6.41596230795158e+24,-5.464514635225544e+24
74.90000000000002,-7.476785423456931e+24,1.8662696352824716e+24
75.00000000000001,-7.066147569283153e+24,9.997420119320972e+24
75.10000000000001,-5.031332807572542e+24,1.7270311439566393e+25
75.2,-1.552113855621401e+24,2.194126195591787e+25
75.3,2.84389910484028e+24,2.2551524099305517e+25
75.39999999999999,7.339984429177181e+24,1.829565887901593e+25
75.49999999999999,1.0962416282834483e+25,9.306893062970234e+24
75.59999999999998,1.2768982814014358e+25,-3.2171095012962074e+24
75.69999999999997,1.2061715999685045e+25,-1.7102135121647193e+25
75.79999999999997,8.580980395357181e+24,-2.951491596521838e+25
75.89999999999996,2.63509230033672e+24,-3.747824860185036e+25
75.99999999999996,-4.873732881535035e+24,-3.850293770212823e+25
76.09999999999995,-1.2549951757553007e+25,-3.121668464733328e+25
76.19999999999995,-1.87305389282319e+25,-1.5850903481658308e+25
76.29999999999994,-2.18070669299224e+25,5.545234513479697e+24
76.39999999999993,-2.058898469257685e+25,2.925574641072035e+25
76.49999999999993,-1.4634890486969894e+25,5.044084225201887e+25
76.59999999999992,-4.4735475841312696e+24,6.401717967508481e+25
76.69999999999992,8.352256088806349e+24,6.573722303387496e+25
76.79999999999991,2.145793941513731e+25,5.326288018449423e+25
76.8999999999999,3.200322575496047e+25,2.6996002818618474e+25
76.9999999999999,3.7242410189909363e+25,-9.557345652768965e+24
77.0999999999999,3.5144729008406024e+25,-5.0046129579030814e+25
77.19999999999989,2.495977944755783e+25,-8.620302500932589e+25
77.29999999999988,7.594375548454861e+24,-1.0934863115117322e+26
77.39999999999988,-1.4313322559522058e+25,-1.122350126969149e+26
77.49999999999987,-3.668875848610743e+25,-9.08786072465949e+25
77.59999999999987,-5.468103614299587e+25,-4.597704254954699e+25
77.69999999999986,-6.360303947219029e+25,1.647094933522582e+25
77.79999999999986,-5.999083440778417e+25,8.561074528787384e+25
77.89999999999985,-4.256873117817048e+25,1.4732012587204274e+26
77.99999999999984,-1.2891862347871076e+25,1.867797238744281e+26
78.09999999999984,2.4528541738753904e+25,1.916217862633649e+26
78.19999999999983,6.273025628273311e+25,1.5505930103756733e+26
78.29999999999983,9.342846520883291e+25,7.830305407468253e+25
78.39999999999982,1.0862193369772525e+26,-2.83834103587678e+25
78.49999999999982,1.0240214195748307e+26,-1.4644836690832719e+26
78.59999999999981,7.260045786603022e+25,-2.517683047161422e+26
78.6999999999998,2.1883794633471623e+25,-3.190403931329683e+26
78.7999999999998,-4.203370296628941e+25,-3.271605475731387e+26
78.89999999999979,-1.072556439660857e+26,-2.645654469315634e+26
78.99999999999979,-1.5963245513256797e+26,-1.3335596622229095e+26
79.09999999999978,-1.855054861013633e+26,4.890753273464836e+25
79.19999999999978,-1.7479645212392682e+26,2.5051819080941556e+26
79.29999999999977,-1.2381883170142407e+26,4.302683786052643e+26
79.39999999999976,-3.7146061821864076e+25,5.449556745465676e+26
79.49999999999976,7.203080339655877e+25,5.585685588232897e+26
79.59999999999975,1.8338436114423392e+26,4.514062471459106e+26
79.69999999999975,2.7274868876769488e+26,2.2711313752995776e+26
79.79999999999974,3.1680757282984796e+26,-8.42660769910045e+25
79.89999999999974,2.9837031956749785e+26,-4.28541103254287e+26
79.99999999999973,2.1117024731880295e+26,-7.353213996158202e+26
80.09999999999972,6.305011615904488e+25,-9.308426016857125e+26
80.19999999999972,-1.2343365475889286e+26,-9.536555993763763e+26
80.29999999999971,-3.135476063603737e+26,-7.701957991727754e+26
80.39999999999971,-4.660190281631269e+26,-3.867836422177255e+26
80.4999999999997,-5.410456614658564e+26,1.4517647087260037e+26
80.5999999999997,-5.0930513898400704e+26,7.330678749414123e+26
80.69999999999969,-3.6014503830080456e+26,1.2566501340767494e+27
80.79999999999968,-1.0701428629395061e+26,1.589977169503797e+27
80.89999999999968,2.1151621903827857e+26,1.628194025951953e+27
80.99999999999967,5.360974431334778e+26,1.3141164837122487e+27
81.09999999999967,7.962402526602602e+26,6.587034720798107e+26
81.19999999999966,9.23999745812921e+26,-2.500959794504661e+26
81.29999999999966,8.693605511937633e+26,-1.2539909008721558e+27
81.39999999999965,6.142155682633632e+26,-2.1475879621416878e+27
81.49999999999964,1.8162689799370884e+26,-2.715845689124303e+27
81.59999999999964,-3.624503743211203e+26,-2.7798429924611676e+27
81.69999999999963,-9.166067209417481e+26,-2.2421554310848767e+27
81.79999999999963,-1.3604547735540147e+27,-1.1217802664947097e+27
81.89999999999962,-1.5780085529851868e+27,4.308089977394421e+26
81.99999999999962,-1.4839567106723725e+27,2.1450779561361754e+27
82.09999999999961,-1.0475213358917756e+27,3.670176440068976e+27
82.1999999999996,-3.0824844119852143e+26,4.638941087546481e+27
82.2999999999996,6.210810185167674e+26,4.746067318487531e+27
82.3999999999996,1.56718907712169e+27,3.82557483219471e+27
82.49999999999959,2.3244680981750236e+27,1.910388105751116e+27
82.59999999999958,2.6949233788343717e+27,-7.420462075289662e+26
82.69999999999958,2.533039520434407e+27,-3.669359613870327e+27
82.79999999999957,1.7865024000581693e+27,-6.272235105654658e+27
82.89999999999957,5.23122866926947e+26,-7.923775990435911e+27
82.99999999999956,-1.0642479454948701e+27,-8.103022344533757e+27
83.09999999999955,-2.6795311746741477e+27,-6.527198487262711e+27
83.19999999999955,-3.971573216253319e+27,-3.253354270758013e+27
83.29999999999954,-4.602386204323655e+27,1.278043980658539e+27
83.39999999999954,-4.323765477170329e+27,6.276766606381633e+27
83.49999999999953,-3.04679332850815e+27,1.0719070300949912e+28
83.59999999999953,-8.87745301675627e+26,1.3534589447261382e+28
83.69999999999952,1.8236113142850277e+27,1.3834379806741503e+28
83.79999999999951,4.5813692190619034e+27,1.1136688370690898e+28
83.89999999999951,6.785800047104774e+27,5.540347811188259e+27
83.9999999999995,7.859940609106902e+27,-2.201049631186406e+27
84.0999999999995,7.380430979824087e+27,-1.0736931819644678e+28
84.19999999999949,5.196142460996031e+27,-1.831855930646894e+28
84.29999999999949,1.506449887397263e+27,-2.3118388048241127e+28
84.39999999999948,-3.124759971687949e+27,-2.361956352196606e+28
84.49999999999947,-7.833048876222722e+27,-1.9001349377011012e+28
84.59999999999947,-1.1594153507243811e+28,-9.434928144315466e+27
84.69999999999946,-1.3423168368570686e+28,3.7903871208684994e+27
84.79999999999946,-1.2597975102554133e+28,1.836635297025283e+28
84.89999999999945,-8.861714632990796e+27,3.1305807934549733e+28
84.99999999999945,-2.556244472915895e+27,3.948840363411212e+28
85.09999999999944,5.354217476271109e+27,4.0325852372613995e+28
85.19999999999943,1.3392616863412554e+28,3.2419920530085076e+28
85.29999999999943,1.9809637885112507e+28,1.6067045953827015e+28
85.39999999999942,2.2923998886452347e+28,-6.526908017488094e+27
85.49999999999942,2.1503997288522464e+28,-3.141696139171127e+28
85.59999999999941,1.51130850237376e+28,-5.350051033950041e+28
85.6999999999994,4.337417530718829e+27,-6.744987834863675e+28
85.7999999999994,-9.174245226662116e+27,-6.884854371499562e+28
85.8999999999994,-2.289808274352793e+28,-5.531444677991751e+28
85.99999999999939,-3.3846481685793794e+28,-2.7360833423040906e+28
86.09999999999938,-3.9149415961973006e+28,1.1238338102484315e+28
86.19999999999938,-3.670600126166628e+28,5.374077875553041e+28
86.29999999999937,-2.5774315504251867e+28,9.14303412055868e+28
86.39999999999937,-7.359375685613246e+27,1.1521057119998452e+29
86.49999999999936,1.5719535432811727e+28,1.1754535589415988e+29
86.59999999999935,3.9150008934479644e+28,9.437659912335898e+28
86.69999999999935,5.782957871447904e+28,4.659275933926343e+28
86.79999999999934,6.685898268875933e+28,-1.9349415213626682e+28
86.89999999999934,6.265480473259019e+28,-9.192682541058062e+28
86.99999999999933,4.395616562681112e+28,-1.562507693459008e+29
87.09999999999933,1.24862309294969e+28,-1.9679001306809797e+29
87.19999999999932,-2.6934202838770178e+28,-2.0068536643713965e+29
87.29999999999932,-6.693660511200427e+28,-1.6102347499263546e+29
87.39999999999931,-9.880661708497135e+28,-7.934203561979899e+28
87.4999999999993,-1.1418099112350629e+29,3.3312344954659447e+28
87.5999999999993,-1.0694761717695688e+29,1.5724581794278338e+29
87.69999999999929,-7.496371550251542e+28,2.6702590594029676e+29
87.79999999999929,-2.1183715736943488e+28,3.361346976960489e+29
87.89999999999928,4.6149142380951025e+28,3.426300501218843e+29
87.99999999999928,1.1444440669342312e+29,2.747344909967439e+29
88.09999999999927,1.6881908285930477e+29,1.3510891908414126e+29
88.19999999999926,1.949967712618365e+29,-5.734751801530108e+28
88.29999999999926,1.825522838024671e+29,-2.6897659050255618e+29
88.39999999999925,1.2784420428294353e+29,-4.563352731601422e+29
88.49999999999925,3.593792862950036e+28,-5.74147134213373e+29
88.59999999999924,-7.907118785632175e+28,-5.8497149899515475e+29
88.69999999999924,-1.9567013171607113e+29,-4.6874461740344306e+29
88.79999999999923,-2.8844070453817942e+29,-2.3007024164559263e+29
88.89999999999922,-3.3301254934460705e+29,9.871804542868438e+28
88.99999999999922,-3.116038775121471e+29,4.6009594743631794e+29
89.09999999999921,-2.1802666863732276e+29,7.798554153278638e+29
89.1999999999992,-6.096545222856339e+28,9.806919800625256e+29
89.2999999999992,1.3547777104508458e+29,9.987193785108191e+29
89.3999999999992,3.34544257892023e+29,7.997578614356851e+29
89.49999999999919,4.9282310888969995e+29,3.917712846826756e+29
89.59999999999918,5.687132502817866e+29,-1.6992269933012808e+29
89.69999999999918,5.3188514416435206e+29,-7.87011139673587e+29
89.79999999999917,3.718234905088129e+29,-1.332734241270695e+30
89.89999999999917,1.034175248021298e+29,-1.6751033687668546e+30
89.99999999999916,-2.3212023657525175e+29,-1.7051074776108546e+30
90.09999999999916,-5.719811309145464e+29,-1.3645198434975346e+30
90.19999999999915,-8.420251939594806e+29,-6.671146073166568e+29
90.29999999999914,-9.712379894530144e+29,2.9246883640460462e+29
90.39999999999914,-9.078880322248284e+29,1.3462071829826904e+30
90.49999999999913,-6.341071554671661e+29,2.277573659280867e+30
90.59999999999913,-1.7542188783365682e+29,2.8612128473307064e+30
90.69999999999912,3.9769779107165276e+29,2.911116281581194e+30
90.79999999999912,9.779325584325334e+29,2.3280928973233163e+30
90.89999999999911,1.4386614751050338e+30,1.1359624381813639e+30
90.9999999999991,1.6586606553657814e+30,-5.033633063432415e+29
91.0999999999991,1.5496946908203043e+30,-2.302721861928439e+30
91.1999999999991,1.081401844980515e+30,-3.892249928734352e+30
91.29999999999909,2.9754485000874184e+29,-4.887179461776201e+30
91.39999999999908,-6.813787665965421e+29,-4.9701198236970073e+30
91.49999999999908,-1.6719958375029607e+30,-3.972097189255961e+30
91.59999999999907,-2.4580552961666382e+30,-1.934296908539906e+30
91.69999999999906,-2.832624401393786e+30,8.66278762670391e+29
91.79999999999906,-2.6452055268527385e+30,3.938851666070036e+30
91.89999999999905,-1.8442091660044677e+30,6.651635162304546e+30
91.99999999999905,-5.046610877135361e+29,8.347683486794233e+30
92.09999999999904,1.1673989150838782e+30,8.48542650893941e+30
92.19999999999904,2.8586472222963413e+30,6.777016376900173e+30
92.29999999999903,4.1997572615648945e+30,3.293653613529189e+30
92.39999999999903,4.8374891979629076e+30,-1.4907620548686546e+30
92.49999999999902,4.515149340999362e+30,-6.73746206988442e+30
92.59999999999901,3.145081180317481e+30,-1.1367253241489498e+31
92.69999999999901,8.559051261179941e+29,-1.4258479877764252e+31
92.799999999999,-2.0000703750654465e+30,-1.4487051522605833e+31
92.899999999999,-4.887480327711286e+30,-1.156262153390355e+31
92.99999999999899,-7.17556723285344e+30,-5.608262096725959e+30
93.09999999999899,-8.261341816034364e+30,2.565274964249124e+30
93.19999999999898,-7.706980114104368e+30,1.1524487213674467e+31
93.29999999999897,-5.363547770798951e+30,1.9425940978505548e+31
93.39999999999897,-1.451541836243847e+30,2.4354546477459115e+31
93.49999999999896,3.426625168429195e+30,2.473351517345439e+31
93.59999999999896,8.356195077277928e+30,1.9727551729509554e+31
93.69999999999895,1.2259924447793451e+31,9.549359558028354e+30
93.79999999999895,1.4108496737160153e+31,-4.4140253124458584e+30
93.89999999999894,1.315514919098518e+31,-1.9712670457699734e+31
93.99999999999893,9.146839353490307e+30,-3.3197701044898444e+31
94.09999999999893,2.461564947743166e+30,-4.159933928149286e+31
94.19999999999892,-5.870610733294122e+30,-4.22270937599357e+31
94.29999999999892,-1.4286676431614794e+31,-3.3658067265315387e+31
94.39999999999891,-2.09468565025198e+31,-1.6259819827273346e+31
94.4999999999989,-2.409408618546187e+31,7.5947133168621e+30
94.5999999999989,-2.245467309116214e+31,3.371847245502705e+31
94.6999999999989,-1.559870523470092e+31,5.673268923255406e+31
94.79999999999889,-4.174173862016602e+30,7.105463052909736e+31
94.89999999999888,1.0057623113112954e+31,7.209349025086075e+31
94.99999999999888,2.442603304771954e+31,5.742543031389347e+31
95.09999999999887,3.5788988945259637e+31,2.76855224457073e+31
95.19999999999887,4.11471484896748e+31,-1.3066641516363665e+31
95.29999999999886,3.8328084443953697e+31,-5.767517277918777e+31
95.39999999999885,2.660140946589637e+31,-9.695230702857745e+31
95.49999999999885,7.077941012851396e+30,-1.213662420896346e+32
95.59999999999884,-1.723069711013978e+31,-1.230836650992894e+32
95.69999999999884,-4.176127664444696e+31,-9.797571502317117e+31
95.79999999999883,-6.114761326585896e+31,-4.713952496312096e+31
95.89999999999883,-7.026978019215386e+31,2.2479825877479947e+31
95.99999999999882,-6.542246611569709e+31,9.865259279497519e+31
96.09999999999881,-4.536483522612356e+31,1.6568467588249323e+32
96.19999999999881,-1.2001075873494296e+31,2.0730176083710448e+32
96.2999999999988,2.9519281673294075e+31,2.1013785625609298e+32
96.3999999999988,7.139925651614621e+31,1.6715975360266485e+32
96.49999999999879,1.0447421095409847e+32,8.026258375477078e+31
96.59999999999879,1.2000435665028213e+32,-3.8672177482476075e+31
96.69999999999878,1.1166989937053551e+32,-1.687433609236626e+32
96.79999999999878,7.736287768895031e+31,-2.8314308218506855e+32
96.89999999999877,2.034744686349184e+31,-3.540850935336604e+32
96.99999999999876,-5.0571309077557705e+31,-3.587630304068184e+32
97.09999999999876,-1.220710586135336e+32,-2.85196438901164e+32
97.19999999999875,-1.7849999110069874e+32,-1.3665845248121885e+32
97.29999999999875,-2.04939181641439e+32,6.652446035361072e+31
97.39999999999874,-1.9060959366250967e+32,2.886313371415131e+32
97.49999999999874,-1.319302782658945e+32,4.838703233131981e+32
97.59999999999873,-3.44965622119254e+31,6.048001132400221e+32
97.69999999999872,8.663594324713865e+31,6.1250632601113895e+32
97.79999999999872,2.0870402873313075e+32,4.865814721387295e+32
97.89999999999871,3.04976803017211e+32,2.326779669253492e+32
97.9999999999987,3.499875123871948e+32,-1.144304147398504e+32
98.0999999999987,3.2535149187728874e+32,-4.936951576287721e+32
98.1999999999987,2.2498570289214787e+32,-8.268970408123511e+32
98.29999999999869,5.848136621521691e+31,-1.0330364619530962e+33
98.39999999999868,-1.4841833300647844e+32,-1.04571414169218e+33
98.49999999999868,-3.56819069679882e+32,-8.301682683004447e+32
98.59999999999867,-5.210686279915715e+32,-3.961588782375522e+32
98.69999999999867,-5.9769506049912406e+32,1.968245564650541e+32
98.79999999999866,-5.553416739036176e+32,8.444478951908379e+32
98.89999999999866,-3.836753864959319e+32,1.4131013417252753e+33
98.99999999999865,-9.913674121839712e+31,1.7644891997845368e+33
99.09999999999864,2.5425678244460226e+32,1.7853151551355466e+33
99.19999999999864,6.100485295594886e+32,1.4163669366897068e+33
99.29999999999863,8.902716742496325e+32,6.744952073397841e+32
99.39999999999863,1.0207193573463412e+33,-3.3852839470180085e+32
99.49999999999862,9.479100816192493e+32,-1.444393268047686e+33
99.59999999999862,6.542918776016158e+32,-2.414874694426476e+33
99.69999999999861,1.680454793283124e+32,-3.0138520250669294e+33
99.7999999999986,-4.355651530817151e+32,-3.048009451074727e+33
99.8999999999986,-1.0429892175312519e+33,-2.416487310131104e+33
